instance,type,address,size
gsc,function,d7b8d60,8
gsc,function,deb19b0,1c1
gsc,function,d7a3660,1ae
gsc,function,d8136b0,4d
gsc,function,d7c1270,99
gsc,function,d7d4d00,4e
gsc,function,d7fffc0,1a
gsc,function,d7f1950,c
gsc,function,d7d3590,d
gsc,function,d7d85e0,6
gsc,function,d7f1ad0,1
gsc,function,d7ed260,1
gsc,function,d76d7d0,1
csc,function,deae040,1aa
csc,function,d8136b0,4d
csc,function,d7c1270,99
csc,function,d7d4d00,4e
csc,function,d7fffc0,1a 
csc,function,dec5d10,7a
csc,function,d7f1200,2c
csc,function,d7f37f0,f
csc,function,d7d82e0,10
csc,function,d7d8800,24
csc,function,d7d9410,28
gsc,method,d7a8ef0,23b
gsc,method,d7b8ea0,2c
gsc,method,d7b8620,3a
gsc,method,d7ecd70,15
gsc,method,d7b3a60,94
gsc,method,d7ed580,4
gsc,method,d7bba50,98
gsc,method,d7c26f0,a
gsc,method,d7afd00,10e
gsc,method,d7d3730,1
gsc,method,d7f1b60,6
gsc,method,d7efd70,15
gsc,method,deb52d0,1b4
csc,method,d79e840,186
csc,method,d7b9730,17
csc,method,d7f1060,d
csc,method,d7d84e0,4
csc,method,d7d8c80,3
csc,method,d7d9940,13