get,sub,type
hash,sub_206E0F0,ASSET_SETTINGCONTEXT
hash,sub_20EF6E0,ASSET_ACHIEVEMENTLIS
hash,sub_20EF6E0,ASSET_LOCALIZE
hash,sub_20EF6E0,ASSET_LOCALIZE
hash,sub_20F6060,ASSET_IMAGE
hash,sub_20F6060,ASSET_IMAGE
hash,sub_2123CA0,ASSET_LIGHTDEF
hash,sub_21245F0,ASSET_LOCALIZE
hash,sub_213DE90,ASSET_ECSASSET
hash,sub_213E1F0,ASSET_ECSASSET
hash,sub_21C48F0,ASSET_SCRIPTABLE
hash,sub_224A7A0,ASSET_HWCONFIG
hash,sub_224D0E0,ASSET_HWCONFIG
hash,sub_224DC80,ASSET_HWCONFIGTIERED
hash,sub_224DD20,ASSET_HWCONFIGVARGRO
hash,sub_224DF10,ASSET_HWCONFIGTIERED
hash,sub_224EC00,ASSET_HWCONFIG
hash,sub_226BE50,ASSET_PHYSICSASSET
hash,sub_22D6CB0,ASSET_LOCALIZE
hash,sub_22F96A0,ASSET_SCRIPTBUNDLE
hash,sub_22FA420,ASSET_AITYPE
hash,sub_22FFEF0,ASSET_GENERICBLUEPRINT
hash,sub_2304DC0,ASSET_SCRIPTBUNDLE
hash,sub_230F110,ASSET_LOCALIZE
hash,sub_230F110,ASSET_LOCALIZE
hash,sub_230F5D0,ASSET_LOCALIZE
hash,sub_2317DA0,ASSET_SCRIPTBUNDLE
hash,sub_232C040,ASSET_SCRIPTBUNDLE
hash,sub_23A04B0,ASSET_LOCALIZE
hash,sub_23A0710,ASSET_LOCALIZE
hash,sub_23A9510,ASSET_XMODEL
hash,sub_23B94A0,ASSET_LOCALIZE
hash,sub_23D3680,ASSET_LOCALIZE
hash,sub_23F5EB0,ASSET_LOCALIZE
hash,sub_23FF1A0,ASSET_NAMEPLATESETTI
hash,sub_23FF1A0,ASSET_NAMEPLATESETTI
hash,sub_2421FE0,ASSET_LOCALIZE
hash,sub_24223B0,ASSET_LOCALIZE
hash,sub_2422D20,ASSET_LOCALIZE
hash,sub_2492070,ASSET_LOCALIZE
hash,sub_24B6100,ASSET_LOCALIZE
hash,sub_24F7830,ASSET_LOCALIZE
hash,sub_254F9C0,ASSET_SCRIPTBUNDLE
hash,sub_256BD30,ASSET_LOCALIZE
hash,sub_2579460,ASSET_SCRIPTBUNDLE
hash,sub_25797C0,ASSET_SCRIPTBUNDLE
hash,FindGscObjFile,ASSET_GSCOBJ
hash,gsclinkimport,ASSET_GSCOBJ
hash,gsclinkimport,ASSET_GSCOBJ
hash,sub_2585140,ASSET_SCRIPTBUNDLE
hash,sub_25B0730,ASSET_MOTIONMATCHING_0
hash,sub_2648230,ASSET_SCRIPTBUNDLE
hash,sub_2648230,ASSET_SCRIPTBUNDLE
hash,sub_2648310,ASSET_SCRIPTBUNDLE
hash,sub_2648440,ASSET_SCRIPTBUNDLE
hash,sub_2648900,all
hash,sub_2648A90,ASSET_SCRIPTBUNDLE
hash,sub_2648B60,ASSET_SCRIPTBUNDLE
hash,sub_2648C00,ASSET_SCRIPTBUNDLE
hash,sub_2648EB0,ASSET_SCRIPTBUNDLE
hash,sub_26A7720,ASSET_RAWFILE
hash,sub_27A6400,ASSET_CODCASTERDATA
hash,sub_27A6400,ASSET_SCRIPTBUNDLE
hash,sub_27AA090,ASSET_CODCASTERDATA
hash,sub_27AA090,ASSET_GAMETYPESTATDA
hash,sub_27C4140,ASSET_GAMETYPESTATDA
hash,sub_27E3910,ASSET_RAWFILE
hash,sub_27E3910,ASSET_RAWFILE
hash,sub_28B19C0,ASSET_LOCALIZE
hash,sub_28B19C0,ASSET_LOCALIZE
hash,sub_28B19C0,ASSET_LOCALIZE
hash,sub_28B19C0,ASSET_LOCALIZE
hash,sub_28B19C0,ASSET_LOCALIZE
hash,sub_28B19C0,ASSET_LOCALIZE
hash,sub_28B19C0,ASSET_LOCALIZE
hash,sub_28B20F0,ASSET_LOCALIZE
hash,sub_28B20F0,ASSET_LOCALIZE
hash,sub_28B20F0,ASSET_LOCALIZE
hash,sub_28B20F0,ASSET_LOCALIZE
hash,sub_28B20F0,ASSET_LOCALIZE
hash,sub_28B20F0,ASSET_LOCALIZE
hash,sub_28CAAF0,ASSET_LOCALIZE
hash,sub_28CAAF0,ASSET_LOCALIZE
hash,sub_28CAAF0,ASSET_LOCALIZE
hash,sub_28CE630,ASSET_LOCALIZE
hash,sub_28D32C0,ASSET_LOCALIZE
hash,sub_28D32C0,ASSET_LOCALIZE
hash,sub_28D3860,ASSET_LOCALIZE
hash,sub_28D3860,ASSET_LOCALIZE
hash,sub_28D3860,ASSET_LOCALIZE
hash,sub_28D3E40,ASSET_LOCALIZE
hash,sub_28D3E40,ASSET_LOCALIZE
hash,sub_28D3E40,ASSET_LOCALIZE
hash,sub_28D41C0,ASSET_LOCALIZE
hash,sub_28D41C0,ASSET_LOCALIZE
hash,sub_28D41C0,ASSET_LOCALIZE
hash,sub_28D41C0,ASSET_LOCALIZE
hash,sub_28D4BF0,ASSET_LOCALIZE
hash,sub_28D4BF0,ASSET_LOCALIZE
hash,sub_28D4BF0,ASSET_LOCALIZE
hash,sub_28DE3C0,ASSET_LOCALIZE
hash,sub_28DE510,ASSET_LOCALIZE
hash,sub_28DE510,ASSET_LOCALIZE
hash,sub_28DE510,ASSET_LOCALIZE
hash,sub_290BD50,ASSET_SCRIPTBUNDLE
hash,sub_290BD50,ASSET_SCRIPTBUNDLE
hash,sub_290BDF0,ASSET_SCRIPTBUNDLE
hash,sub_290BDF0,ASSET_SCRIPTBUNDLE
hash,sub_290BE90,ASSET_SCRIPTBUNDLE
hash,sub_290BE90,ASSET_SCRIPTBUNDLE
hash,sub_290BF30,ASSET_SCRIPTBUNDLE
hash,sub_290BF30,ASSET_SCRIPTBUNDLE
hash,sub_290BFD0,ASSET_SCRIPTBUNDLE
hash,sub_290BFD0,ASSET_SCRIPTBUNDLE
hash,sub_290C100,ASSET_SCRIPTBUNDLE
hash,sub_290C930,ASSET_SCRIPTBUNDLE
hash,sub_290C930,ASSET_SCRIPTBUNDLE
hash,sub_290C930,ASSET_SCRIPTBUNDLE
hash,sub_290E730,ASSET_SCRIPTBUNDLE
hash,sub_290E730,ASSET_SCRIPTBUNDLE
hash,sub_292ED30,ASSET_LOCALIZE
hash,sub_292ED30,ASSET_LOCALIZE
hash,sub_296A130,ASSET_HWCONFIG
hash,sub_297B2F0,ASSET_TTLOS
hash,sub_297B4C0,ASSET_TTLOS
hash,sub_2A8BA20,ASSET_SCRIPTBUNDLE
hash,sub_2A8BED0,ASSET_SCRIPTBUNDLE
hash,sub_2AD13B0,ASSET_LOCALIZE
hash,sub_2ADD0F0,ASSET_SCRIPTBUNDLE
hash,sub_2C16430,ASSET_LOCALIZE
hash,sub_2C3BC60,ASSET_LOCALIZE
hash,sub_2C54C80,ASSET_LOCALIZE
hash,sub_2C54E30,ASSET_LOCALIZE
hash,sub_2C54E30,ASSET_LOCALIZE
hash,sub_2CA0F00,ASSET_XCOMPOSITEMODE
hash,sub_2CA0F00,ASSET_XMODEL
hash,sub_2CA2EA0,ASSET_SCRIPTBUNDLE
hash,sub_2CA5720,ASSET_RAWFILE
hash,sub_2CAAE30,all
hash,sub_2CAB000,ASSET_RAWFILE
hash,sub_2CC0650,ASSET_RAWFILE
hash,sub_2CEAC20,ASSET_SCRIPTABLE
hash,sub_2CEAC20,ASSET_RAWFILE
hash,sub_2CEAC20,ASSET_RAWFILE
hash,sub_2CEAC20,ASSET_RAWFILE
hash,sub_2CEAC20,ASSET_SCRIPTABLE_VARIANT
hash,sub_2CEAC20,ASSET_XMODEL
hash,sub_2D2CAF0,ASSET_SCRIPTABLE
hash,sub_2D2CAF0,ASSET_XMODEL
hash,sub_2DD4DB0,ASSET_LOCALIZE
hash,sub_2DD56D0,ASSET_LOCALIZE
hash,sub_2E130F0,ASSET_LOCALIZE
hash,sub_3421490,ASSET_LOCALIZE
hash,sub_3441E80,ASSET_FONT
hash,sub_3441E80,ASSET_FONT
hash,sub_346BC80,ASSET_STRINGTABLE_0
hash,sub_346BCE0,ASSET_STRINGTABLE_0
hash,sub_346CB40,ASSET_STRINGTABLE_0
hash,sub_346CCA0,ASSET_STRINGTABLE_0
hash,sub_34AA340,ASSET_LOCALIZE
hash,sub_34AA340,ASSET_LOCALIZE
hash,sub_35CE2E0,ASSET_MAYHEM
hash,sub_35CED00,ASSET_MAYHEM
hash,sub_3612270,ASSET_XANIM
hash,sub_36124A0,ASSET_XANIM
hash,sub_36124A0,ASSET_XANIM
hash,sub_3612590,ASSET_XANIM
hash,sub_393BE80,ASSET_LOCALIZE
hash,sub_393BE80,ASSET_LOCALIZE
hash,sub_3997EE0,ASSET_XMODEL
hash,sub_3997EE0,ASSET_CAMO_0
hash,sub_39D8870,ASSET_LOCALIZE
hash,sub_39EBF40,ASSET_LOCALIZE
hash,sub_39EBF40,ASSET_LOCALIZE
hash,sub_39EBF40,ASSET_LOCALIZE
hash,sub_39ED790,ASSET_LOCALIZE
hash,sub_3A25060,ASSET_XMODEL
hash,sub_3A25060,ASSET_XMODEL
hash,sub_3A6F0E0,ASSET_XMODEL
hash,sub_3A6F0E0,ASSET_XMODEL
hash,sub_3BD6CF0,ASSET_IMAGE
hash,sub_3BD8BC0,ASSET_IMAGE
hash,sub_3BD99E0,ASSET_IMAGE
hash,sub_3BD99E0,ASSET_IMAGE
hash,sub_3BD99E0,ASSET_IMAGE
hash,sub_3BD99E0,ASSET_IMAGE
hash,sub_3BD99E0,ASSET_IMAGE
hash,sub_3BD99E0,ASSET_IMAGE
hash,sub_3BD99E0,ASSET_IMAGE
hash,sub_3BD99E0,ASSET_IMAGE
hash,sub_3BD99E0,ASSET_IMAGE
hash,sub_3BD99E0,ASSET_IMAGE
hash,sub_3BD99E0,ASSET_IMAGE
hash,sub_3BD99E0,ASSET_IMAGE
hash,sub_3BD99E0,ASSET_IMAGE
hash,sub_3BD99E0,ASSET_IMAGE
hash,sub_3BD99E0,ASSET_IMAGE
hash,sub_3BD99E0,ASSET_IMAGE
hash,sub_3BD99E0,ASSET_IMAGE
hash,sub_3BD99E0,ASSET_IMAGE
hash,sub_3BD99E0,ASSET_IMAGE
hash,sub_3BD99E0,ASSET_IMAGE
hash,sub_3BD99E0,ASSET_IMAGE
hash,sub_3BD99E0,ASSET_IMAGE
hash,sub_3BD99E0,ASSET_IMAGE
hash,sub_3BD99E0,ASSET_IMAGE
hash,sub_3BD99E0,ASSET_IMAGE
hash,sub_3BD99E0,ASSET_IMAGE
hash,sub_3BD99E0,ASSET_IMAGE
hash,sub_3BD99E0,ASSET_IMAGE
hash,sub_3BD99E0,ASSET_IMAGE
hash,sub_3BD99E0,ASSET_IMAGE
hash,sub_3BD99E0,ASSET_IMAGE
hash,sub_3BD99E0,ASSET_IMAGE
hash,sub_3BD99E0,ASSET_IMAGE
hash,sub_3BE7750,ASSET_COMPUTESHADER
hash,sub_3BE7750,ASSET_LIBSHADER
hash,sub_3BE7750,ASSET_MATERIAL
hash,sub_3BE8790,ASSET_MATERIAL
hash,sub_3D9C8E0,ASSET_LOCALIZE
hash,sub_3D9C9F0,ASSET_LOCALIZE
hash,sub_3D9C9F0,ASSET_LOCALIZE
hash,sub_3DAEF90,ASSET_LOCALIZE
hash,sub_3DC9240,ASSET_VFX
hash,sub_3E12A20,ASSET_LOCALIZE
hash,sub_3E13970,ASSET_LOCALIZE
hash,sub_48FDE20,ASSET_OPERATOR
hash,sub_48FDE90,ASSET_OPERATORSKIN
string,sub_20EF6E0,ASSET_LOCALIZE
string,sub_20EF6E0,ASSET_LOCALIZE
string,sub_21B5B20,ASSET_AITYPE
string,sub_21B5B30,ASSET_CHARACTER
string,sub_21EF470,ASSET_WEAPON
string,sub_22C1780,
string,sub_22E03C0,ASSET_VFX
string,sub_22E0E50,ASSET_SCRIPTBUNDLE
string,sub_22E0E50,ASSET_SCRIPTBUNDLE
string,sub_22E0E50,ASSET_SCRIPTBUNDLE
string,sub_230F110,ASSET_LOCALIZE
string,sub_230F110,ASSET_LOCALIZE
string,sub_230F5D0,ASSET_LOCALIZE
string,sub_232DB20,ASSET_MAPTABLE
string,sub_23AD710,ASSET_RAWFILE
string,sub_248D740,ASSET_LOCALIZE
string,sub_250B610,ASSET_LEAGUEPLAYSEAS
string,sub_255B660,ASSET_VOLUMETRICCLOU
string,sub_25797C0,ASSET_SCRIPTBUNDLE
string,sub_2579DC0,ASSET_COMMAP
string,sub_25AE950,ASSET_WEATHERVOLUME
string,sub_25AE9B0,ASSET_DISMEMBERMENT
string,sub_25AE9D0,ASSET_AUDIOVISUALIZE
string,sub_25AEA10,ASSET_MATERIALSFXTAB
string,sub_25B0EF0,ASSET_CALLOUTMARKERP_2
string,sub_25B0F10,ASSET_MOVIE
string,sub_25B0F20,ASSET_OBJECTIVEDATA
string,sub_25C6800,ASSET_XCOMPOSITEMODE
string,sub_25C6800,ASSET_XMODEL
string,sub_26452E0,ASSET_SCRIPTBUNDLE
string,sub_2651300,ASSET_VEHICLE
string,sub_2788760,ASSET_DLOGSCHEMA
string,sub_2788760,ASSET_DLOGSCHEMA
string,sub_2792AB0,ASSET_RAWFILE
string,sub_27F0A70,ASSET_VOLUMETRICHEIG
string,sub_2855B10,ASSET_STTERRAIN
string,sub_28DBA10,ASSET_LOCALIZE
string,sub_28DEA40,ASSET_SCRIPTBUNDLE
string,sub_28DEE10,ASSET_SCRIPTBUNDLE
string,sub_290B040,ASSET_SCRIPTBUNDLE
string,sub_290B040,ASSET_SCRIPTBUNDLE
string,sub_290E290,ASSET_SCRIPTBUNDLE
string,sub_290E730,ASSET_SCRIPTBUNDLE
string,sub_29293B0,ASSET_RAWFILE
string,sub_292F070,ASSET_LOCALIZE
string,sub_292F070,ASSET_LOCALIZE
string,sub_296DFC0,ASSET_STRINGTABLE_0
string,sub_29E2440,ASSET_STRINGTABLE_0
string,sub_29E2440,ASSET_STRINGTABLE_0
string,sub_29E28E0,ASSET_PHYSICSASSET
string,sub_29E28E0,ASSET_XMODELDETAILCO
string,sub_29E28E0,ASSET_STRINGTABLE_0
string,sub_2A1D130,ASSET_IMAGE
string,sub_2A1DB70,ASSET_IMAGE
string,sub_2A88CF0,ASSET_MAPINFO
string,sub_2A88CF0,ASSET_SCRIPTBUNDLE
string,sub_2A88F10,ASSET_GAMETYPETABLE
string,sub_2A88F10,ASSET_RAWFILE
string,sub_2A891F0,ASSET_MAPTABLE
string,sub_2A8A820,ASSET_SCRIPTBUNDLE
string,sub_2A8BED0,ASSET_SCRIPTBUNDLE
string,sub_2AEA9F0,ASSET_RAWFILE
string,sub_2AF3BA0,ASSET_NETCONSTSTRING
string,sub_2AFE2D0,ASSET_LOCALIZE
string,sub_2BF3220,ASSET_COLMAP
string,sub_2BFDF90,ASSET_RAWFILE
string,sub_2C00670,ASSET_RAWFILE
string,sub_2C6E660,ASSET_RAWFILE
string,sub_2C9F8D0,ASSET_RUMBLE
string,sub_2CA3C90,ASSET_TRACKERFOOTSTE
string,sub_2CAFAB0,ASSET_RAWFILE
string,sub_2D01AA0,ASSET_SCRIPTABLE
string,sub_3445FF0,ASSET_RAWFILE
string,sub_344BCE0,ASSET_RAWFILE
string,sub_346BC50,ASSET_STRINGTABLE_0
string,sub_346BCB0,ASSET_STRINGTABLE_
string,sub_3612220,ASSET_XANIM
string,sub_3640750,ASSET_XANIMCURVE
string,sub_3649610,ASSET_XBONESET
string,sub_3649780,ASSET_XCOMPOSITEMODE
string,sub_36497E0,ASSET_XMODEL
string,sub_399FCE0,ASSET_IMAGE
string,sub_39FD9E0,ASSET_LOCALIZE
string,sub_3A25060,ASSET_XCOMPOSITEMODE
string,sub_3AAC7B0,ASSET_IMAGE|ASSET_GRADINGCLUT|ASSET_FOGSPLINE
string,sub_3AE6320,ASSET_LOCALIZE
string,sub_3AE66A0,ASSET_LOCALIZE
string,sub_3B73440,ASSET_STREAMTREEOVER
string,sub_3B73CC0,ASSET_GFXMAP
string,sub_3BE32E0,ASSET_LIGHTDEF
string,sub_3BE8280,ASSET_MATERIAL
string,sub_3C31430,ASSET_RAWFILE
string,sub_3CDC1D0,ASSET_LUAFILE
string,sub_3CDC2D0,ASSET_LUAFILE
string,sub_3CDD7A0,ASSET_SCRIPTBUNDLE
string,sub_3CE5780,ASSET_SCRIPTBUNDLE
string,sub_3CE6630,ASSET_SCRIPTBUNDLE
string,sub_3D07050,ASSET_SCRIPTBUNDLE
string,sub_3D07990,ASSET_SCRIPTBUNDLE
string,sub_3D11E90,ASSET_SCRIPTABLE
string,sub_3DAEA20,ASSET_LOCALIZE
string,sub_3DAF690,(ASSET_SCRIPTABLE
string,sub_3DC9260,ASSET_VFX
string,sub_3E138D0,ASSET_LOCALIZE
string,sub_45DE420,ASSET_PHYSICSASSET
string,sub_46145B0,
string,sub_46BC2F0,
string,sub_46BC2F0,
string,sub_476AC10,
string,sub_4776610,
string,sub_4776610,
string,sub_4781B70,
string,GScr_A629869E3BBBE3C5,
string,sub_48FD630,
string,sub_48FD720,
string,sub_48FD810,
string,sub_48FD900,
string,sub_48FD9F0,
string,sub_48FD9F0,
string,sub_48FDB50,
string,sub_48FDE30,
string,sub_4929730,
string,sub_49297D0,
string,sub_492BAD0,
string,sub_4951640,
string,sub_4951640,
string,sub_4951640,
string,sub_4951640,
string,sub_49523B0,
string,sub_4999810,
string,sub_49E3AB0,
string,sub_49FC850,
string,sub_49FD180,
string,sub_4AC2EF0,ASSET_SCRIPTABLE
string,sub_4AEA3A0,ASSET_XMODEL
string,sub_4AEA3A0,ASSET_XMODEL
string,sub_4B17790,ASSET_GLASSMAP
string,GScr_ABF76CC289CF03A3,ASSET_XMODEL
string,GScr_29399A706E427AFB,ASSET_XMODEL
string,GScr_FED3925EB5331836,ASSET_XMODEL
string,sub_4C4E740,ASSET_AIPATHS
string,GScr_FA18D3AA2D584A77,ASSET_RAWFILE
string,sub_4D73200,ASSET_LOCALIZE
string,sub_4DF19E0,ASSET_CAMERA
string,sub_4DF1A00,ASSET_CAMO
string,sub_4DF1A20,ASSET_CINEMATICMOTIO
string,sub_4DF1A40,ASSET_EXECUTION
string,sub_4DF1C10,ASSET_NK_8A41D00
string,sub_4DF1C30,ASSET_LASER
string,sub_4DF1C50,ASSET_SUIT
string,sub_4E54D70,ASSET_RAWFILE
string,sub_4E55210,ASSET_RAWFILE
string,sub_4E55D80,ASSET_RAWFILE
string,sub_4EA9C00,ASSET_BULLETPENETRAT
string,sub_4EAA9D0,ASSET_SURFACEFX
string,sub_4EAA9D0,ASSET_SURFACEFX
string,sub_4F03870,ASSET_BEHAVIORTREE
string,sub_5001EE0,ASSET_HUDOUTLINE
string,sub_503DE00,ASSET_CARRYOBJECT
string,sub_50487C0,ASSET_CLIENTcharACTE
string,sub_5058560,ASSET_BLENDSPACE2D
string,sub_50794A0,ASSET_ACCESSORY